date,year,month,pc1ff1_hf,sp500_hf,us_krippner,sveny01_a,sp500_a,bofaml_us_hyld_oas_a,eurusd_a,broadexea_usd_a,us_rgdp,us_gdpdef
01-Jan-1999,1999,1,0,0,4.44,4.644622202,712.95953,5.546,-14.905163,464.99823,938.18268,432.91782
01-Feb-1999,1999,2,0.00887518,0.14979,4.65,4.805626553,712.74097,5.3154998,-11.394857,465.73508,938.69556,432.96631
01-Mar-1999,1999,3,-0.02960689,-0.20642,4.78,4.903232249,715.57135,5.235652,-8.4586201,466.49191,939.46313,433.04202
01-Apr-1999,1999,4,0,0,4.61,4.808044641,719.49646,5.0354548,-6.8037763,465.36121,939.24603,433.32172
01-May-1999,1999,5,0.11821717,-1.43559,4.84,4.994379495,719.32471,4.7019048,-6.0877314,464.97452,939.53113,433.34344
01-Jun-1999,1999,6,-0.10863178,1.60906,5.16,5.282749062,718.71881,4.6722727,-3.7044713,465.18246,939.48297,433.34723
01-Jul-1999,1999,7,0,0,5.07,5.247086576,723.07501,4.804091,-3.4479051,465.31296,940.41907,433.50485
01-Aug-1999,1999,8,0.00444077,0.57282,5.23,5.399227443,719.08722,4.8190908,-5.8551521,464.73819,940.39111,433.63373
01-Sep-1999,1999,9,0,0,5.22,5.431649721,718.51117,5.0427275,-4.8810048,463.74146,941.06592,433.90036
01-Oct-1999,1999,10,0.07434156,-0.82928,5.37,5.585341931,716.9881,4.9957142,-6.8203559,463.69061,941.66364,434.07422
01-Nov-1999,1999,11,0.08824893,-0.41763,5.44,5.64762699,723.84692,5.0799999,-3.31797,463.17444,942.34125,434.18796
01-Dec-1999,1999,12,0.0338096,0.47722,5.75,5.89660074,726.52838,4.773478,-1.0935603,462.79437,942.82166,434.38333
01-Jan-2000,2000,1,0,0,6.02,6.146298091,726.34534,4.7842855,-1.3479526,462.53979,941.96948,434.59192
01-Feb-2000,2000,2,-0.00210605,-0.4101,6.28,6.297824474,723.45178,4.9023809,1.6768765,463.40753,942.49249,434.85968
01-Mar-2000,2000,3,-0.01074577,0.06116,6.37,6.318598577,727.30627,5.3686957,3.6324251,463.01553,943.09937,435.2294
01-Apr-2000,2000,4,0,0,6.37,6.277444796,728.58301,5.8447371,5.4667673,463.30283,944.25189,435.30356
01-May-2000,2000,5,0.06866602,-0.5454,6.78,6.692184593,725.59137,5.8978262,9.884737,465.16632,944.23676,435.45361
01-Jun-2000,2000,6,-0.03045136,0.25302,6.5,6.477692173,728.74957,6.1359091,5.2211156,464.95001,944.57098,435.73398
01-Jul-2000,2000,7,0,0,6.44,6.368311688,729.48193,6.1233335,6.2301159,464.85754,943.97125,435.92831
01-Aug-2000,2000,8,0.01699181,-0.12621,6.44,6.331840745,730.33618,6.3613043,10.090691,464.90683,944.84174,435.97119
01-Sep-2000,2000,9,0,0,6.37,6.200956319,729.32092,6.4385715,13.696794,465.53519,944.54517,436.29916
01-Oct-2000,2000,10,0.04665709,-0.30266,6.25,6.171499139,723.69281,7.2922726,15.666292,466.88171,945.17993,436.45334
01-Nov-2000,2000,11,0.00495448,-0.66752,6.27,6.137963858,722.41064,8.0881815,15.508883,467.93732,945.2179,436.59454
01-Dec-2000,2000,12,0.01934559,-0.69114,5.75,5.665045117,719.33636,9.0065002,10.856905,467.87912,944.75854,436.73233
01-Jan-2001,2001,1,-0.21207762,3.45211,5.08,4.961435891,719.63873,8.4631815,6.3781385,468.6402,945.02423,437.06781
01-Feb-2001,2001,2,0,0,4.75,4.756465787,717.38995,7.6075001,8.1608496,468.95569,944.70691,437.2247
01-Mar-2001,2001,3,-0.07326814,-0.67958,4.31,4.383390373,707.74713,7.903182,9.5040712,470.6185,944.60852,437.31616
01-Apr-2001,2001,4,-0.44587171,2.22956,3.94,4.089875849,708.05139,8.5030003,11.434012,471.02371,945.36377,437.53714
01-May-2001,2001,5,-0.17161679,0.40882,3.71,3.940083179,714.72058,7.6886954,13.460937,470.35715,945.85687,437.8212
01-Jun-2001,2001,6,0.09435017,-0.40319,3.47,3.752456725,712.16437,8.0519047,15.882221,470.51367,945.11145,438.05817
01-Jul-2001,2001,7,0,0,3.41,3.678227642,709.48114,8.2600002,15.016578,471.13437,944.90649,438.168
01-Aug-2001,2001,8,-0.03896491,-0.71223,3.13,3.437116119,707.17975,8.0530434,10.496222,470.28732,945.91876,438.28043
01-Sep-2001,2001,9,0,0,2.57,2.793841176,696.36035,9.1876469,9.3207779,470.96136,944.41425,438.17392
01-Oct-2001,2001,10,-0.06542525,-0.30724,1.82,2.295304545,698.14343,9.7965221,9.8924942,471.59079,944.92065,438.49078
01-Nov-2001,2001,11,-0.20300723,0.94037,1.67,2.173005,702.98401,8.7940912,11.848834,471.69006,944.82898,438.54504
01-Dec-2001,2001,12,-0.08083179,0.22721,1.76,2.17788,704.30334,8.2945004,11.390228,471.78793,946.56586,438.57559
01-Jan-2002,2002,1,0.02975539,-0.12751,1.59,2.102952381,703.83386,8.1540909,12.421265,473.07977,946.63086,438.72305
01-Feb-2002,2002,2,0,0,1.63,2.178826316,700.37665,8.1029997,13.923345,473.39386,945.9967,438.86353
01-Mar-2002,2002,3,-0.07747736,-0.38271,1.99,2.59315,705.0498,7.3410001,13.26358,472.83057,946.52252,439.01062
01-Apr-2002,2002,4,0,0,1.91,2.455736364,701.37726,7.159091,12.125552,472.69012,946.82294,439.19113
01-May-2002,2002,5,-0.04395018,-0.37352,1.77,2.339222727,698.41254,7.0265217,8.6706839,472.00833,946.96082,439.19644
01-Jun-2002,2002,6,0.0033037,-0.60479,1.55,2.1567,692.14624,7.9369998,4.5771446,471.64371,947.23566,439.28564
01-Jul-2002,2002,7,0,0,1.25,1.843704545,680.71796,9.3604345,0.79194993,470.82559,947.76239,439.47678
01-Aug-2002,2002,8,-0.11165728,-0.69761,0.95,1.673886364,681.55963,9.7940912,2.2508533,471.92517,947.13336,439.6796
01-Sep-2002,2002,9,-0.01259224,-0.9571,0.95,1.69035,676.79883,9.8495235,1.9424347,472.86154,947.47034,439.89648
01-Oct-2002,2002,10,0,0,0.95,1.621713636,674.95691,10.677391,1.9083961,473.78607,947.34418,440.13992
01-Nov-2002,2002,11,-0.12536406,-0.92593,0.72,1.471710526,681.46661,9.6871424,-0.13360102,473.00174,947.638,440.27042
01-Dec-2002,2002,12,0.02275188,-0.33811,0.65,1.383866667,680.13519,8.9628572,-1.7967193,472.75967,948.04114,440.33435
01-Jan-2003,2003,1,0.05177513,0.16534,0.56,1.30927619,679.75421,8.1827269,-6.0225792,472.24036,948.09918,440.45575
01-Feb-2003,2003,2,0,0,0.52,1.246131579,673.03265,8.4335003,-7.4441915,472.44461,948.72046,440.7171
01-Mar-2003,2003,3,-0.01001497,-0.50717,0.47,1.216861905,674.07587,8.0438099,-7.7444906,471.89206,947.87659,440.93643
01-Apr-2003,2003,4,0,0,0.51,1.229733333,679.1228,7.0161905,-8.1277599,470.98019,948.74841,440.94781
01-May-2003,2003,5,-0.09037497,0.17834,0.32,1.143128571,684.13568,6.6318183,-14.671706,468.04047,948.79022,440.96072
01-Jun-2003,2003,6,0.15046097,-0.27153,0.19,0.997004762,689.55975,6.3419046,-15.3762,467.57431,949.70313,441.07712
01-Jul-2003,2003,7,0,0,0.37,1.093186364,689.99323,5.8569565,-12.851243,468.27603,950.22546,441.27255
01-Aug-2003,2003,8,-0.03742054,-0.10492,0.53,1.276709524,689.71606,5.8385715,-10.769048,469.36966,950.74152,441.53012
01-Sep-2003,2003,9,-0.00050415,-0.18495,0.39,1.176847619,692.64337,5.3586364,-11.504089,468.2251,951.33075,441.80762
01-Oct-2003,2003,10,-0.08857696,-0.05012,0.4,1.216495455,694.5719,4.9208694,-15.62958,466.5206,951.71588,441.93173
01-Nov-2003,2003,11,0,0,0.53,1.321316667,695.68262,4.6244998,-15.704845,466.31332,951.97357,442.11154
01-Dec-2003,2003,12,0.03574144,-0.05813,0.54,1.294331818,698.51892,4.2800002,-20.574959,465.75311,952.13757,442.33301
01-Jan-2004,2004,1,0.13457744,-0.9677,0.43,1.20561,703.24622,3.934762,-23.211382,464.18277,951.71448,442.64325
01-Feb-2004,2004,2,0,0,0.45,1.200563158,704.18073,4.2544999,-23.47389,464.81427,952.70129,442.87109
01-Mar-2004,2004,3,-0.06096322,-0.07294,0.35,1.14323913,702.44666,4.4017391,-20.38624,465.3902,953.12769,443.08807
01-Apr-2004,2004,4,0,0,0.71,1.446642857,703.28986,3.9752381,-18.103701,465.87906,953.02393,443.34869
01-May-2004,2004,5,0.00465405,0.36567,1.04,1.78709,700.62927,4.2509522,-18.286758,467.92712,953.83826,443.69061
01-Jun-2004,2004,6,-0.02232292,0.28122,1.27,2.077619048,703.25397,4.0690908,-19.375374,466.92465,953.05072,443.9989
01-Jul-2004,2004,7,0,0,1.26,2.047838095,700.91095,4.0113635,-20.418367,466.18817,954.23029,444.17841
01-Aug-2004,2004,8,0.04755879,-0.2991,1.26,2.005154545,699.28613,4.0813637,-19.683086,466.19971,954.24976,444.30804
01-Sep-2004,2004,9,-0.01579655,0.06393,1.32,2.118728571,701.88043,3.8736362,-20.028341,465.78909,954.15625,444.50531
01-Oct-2004,2004,10,0,0,1.49,2.21982,701.92847,3.7319047,-22.22086,464.40454,955.03021,444.82443
01-Nov-2004,2004,11,-0.03147177,0.08411,1.83,2.518895,706.42572,3.2895455,-26.162378,461.93207,955.10382,445.15588
01-Dec-2004,2004,12,-0.01577191,0.05833,2.06,2.700277273,708.9776,3.1031818,-29.319315,461.29993,955.48987,445.31863
01-Jan-2005,2005,1,0,0,2.28,2.906875,707.45569,3.2042856,-27.144903,461.57715,956.4433,445.57153
01-Feb-2005,2005,2,-0.01370416,0.00504,2.56,3.078778947,708.98285,3.0515001,-26.339212,461.67026,956.13409,445.8927
01-Mar-2005,2005,3,0.07030851,-0.28511,2.97,3.362472727,708.48462,2.9749999,-27.760931,461.19717,956.26587,446.19885
01-Apr-2005,2005,4,0,0,2.95,3.370285714,705.98865,3.7619047,-25.755957,461.89642,956.42334,446.46735
01-May-2005,2005,5,0.0206381,0.32116,2.95,3.398638095,707.25275,4.2277274,-23.845037,462.12488,956.35602,446.58826
01-Jun-2005,2005,6,0.04222349,-0.42657,3.05,3.458109091,709.19342,3.9027274,-19.594517,462.30505,957.3324,446.70239
01-Jul-2005,2005,7,0,0,3.39,3.71276,710.72803,3.5033333,-18.538637,462.60361,957.51025,447.03403
01-Aug-2005,2005,8,-0.0246275,0.23399,3.67,3.896817391,711.00604,3.373913,-20.637873,461.45343,958.01385,447.36481
01-Sep-2005,2005,9,0.02705953,-0.12166,3.6,3.864766667,711.1123,3.639091,-20.337061,461.14465,957.28979,448.05936
01-Oct-2005,2005,10,0,0,3.94,4.194365,708.3302,3.5847619,-18.351591,461.96921,957.7193,448.26013
01-Nov-2005,2005,11,0.0077548,0.24188,4.16,4.37938,712.16632,3.6213636,-16.426245,462.43719,958.05597,448.23978
01-Dec-2005,2005,12,-0.02162943,0.48448,4.18,4.368852381,714.07361,3.6519048,-17.02244,461.73111,959.07721,448.36389
01-Jan-2006,2006,1,0.03396711,-0.28159,4.32,4.439765,715.28131,3.5457144,-19.08386,460.58655,959.11621,448.80176
01-Feb-2006,2006,2,0,0,4.65,4.672063158,715.23639,3.335,-17.715397,460.52017,959.46252,448.96017
01-Mar-2006,2006,3,0.05507042,-0.64595,4.81,4.7586,716.526,3.251739,-18.396221,460.95749,960.26697,449.18884
01-Apr-2006,2006,4,0,0,4.94,4.894484211,717.12708,3.061579,-20.46069,460.57996,959.65088,449.57291
01-May-2006,2006,5,0.05797155,-0.15511,5,4.965068182,716.18958,3.0186956,-24.446047,458.70654,960.02295,449.82419
01-Jun-2006,2006,6,-0.04270063,0.49365,5.16,5.143440909,713.33112,3.2809091,-23.502655,459.99472,959.7984,450.05063
01-Jul-2006,2006,7,0,0,5.3,5.195385,713.974,3.3704762,-23.770531,459.72525,959.47534,450.32663
01-Aug-2006,2006,8,-0.04424494,-0.26456,5.16,5.0334,716.01318,3.4182611,-24.773598,459.04446,959.94812,450.62231
01-Sep-2006,2006,9,0.01467798,-0.24016,5.08,4.921785,718.3432,3.4280953,-24.116402,459.23108,960.24463,450.59457
01-Oct-2006,2006,10,-0.00982258,-0.03989,5.11,4.937642857,721.76654,3.2522728,-23.197083,459.44638,960.44537,450.625
01-Nov-2006,2006,11,0,0,5.07,4.90367619,723.6604,3.1400001,-25.313292,458.92807,960.94635,450.8179
01-Dec-2006,2006,12,-0.03298921,0.28273,5.06,4.85816,725.58728,3.0020001,-27.858799,458.55286,960.62122,451.203
01-Jan-2007,2007,1,-0.00951791,0.52273,5.2,4.988295238,726.13446,2.7622728,-26.223217,459.49701,960.76471,451.56815
01-Feb-2007,2007,2,0,0,5.18,4.967321053,727.60358,2.6205001,-26.803343,459.21643,961.30652,451.86606
01-Mar-2007,2007,3,-0.08628984,0.88763,5.02,4.806831818,724.90881,2.8604546,-28.077658,458.92175,960.61871,452.14606
01-Apr-2007,2007,4,0,0,5.07,4.885695238,728.79327,2.737,-30.127323,457.6329,961.35004,452.2937
01-May-2007,2007,5,0.03742549,-0.1418,5.12,4.912318182,732.07208,2.5713637,-30.093357,456.45599,961.56293,452.51114
01-Jun-2007,2007,6,0.01073767,-0.28916,5.28,4.9727,732.27844,2.5952382,-29.404139,455.92477,961.51434,452.71234
01-Jul-2007,2007,7,0,0,5.14,4.903190476,732.6875,3.3486364,-31.593065,454.82523,961.21851,452.90924
01-Aug-2007,2007,8,-0.03085554,-0.95973,4.72,4.4286,728.23901,4.3099999,-30.910328,455.38824,962.36633,452.97632
01-Sep-2007,2007,9,-0.22202947,1.33054,4.33,4.131021053,731.03662,4.4355001,-32.895409,454.12274,962.53149,453.16769
01-Oct-2007,2007,10,0.07012084,-0.44209,4.21,4.073881818,733.92517,4.1608696,-35.256313,451.92789,962.52606,453.23264
01-Nov-2007,2007,11,0,0,3.8,3.43075,728.68311,5.3109093,-38.411385,450.81754,962.5011,453.46918
01-Dec-2007,2007,12,0.04145024,-1.59674,3.52,3.23216,729.91962,5.6945,-37.635864,451.9151,962.77271,453.54608
01-Jan-2008,2008,1,-0.30638237,-0.16869,2.82,2.59647619,722.67566,6.7968183,-38.645409,451.34344,962.84528,453.66846
01-Feb-2008,2008,2,0,0,1.99,1.923535,721.11951,7.2452383,-38.846985,450.35443,961.36102,453.7616
01-Mar-2008,2008,3,0.0528207,-1.13335,1.42,1.515845,718.33893,8.0830002,-43.987209,449.04993,961.52423,453.92316
01-Apr-2008,2008,4,-0.09298248,0.31143,1.52,1.781231815,722.28088,7.3931818,-45.425255,449.0025,961.97144,454.02832
01-May-2008,2008,5,0,0,1.74,2.0680238,724.55865,6.6927271,-44.18911,449.10501,962.01538,454.26801
01-Jun-2008,2008,6,-0.01366182,0.10337,2.05,2.40483334,720.10419,6.7309523,-44.162365,449.45612,963.22595,454.65854
01-Jul-2008,2008,7,0,0,1.91,2.25125911,713.68408,7.7486959,-45.548435,448.87488,962.67609,454.85617
01-Aug-2008,2008,8,-0.03167502,0.10375,1.78,2.139638095,715.57043,8.1914282,-40.359627,451.10397,962.28998,454.948
01-Sep-2008,2008,9,0.10845874,-0.76838,1.55,1.888423812,710.59863,9.1899996,-36.239868,453.30508,960.73163,455.38705
01-Oct-2008,2008,10,-0.07825937,-1.88032,1.09,1.423772725,687.30743,14.942609,-28.618418,460.2099,960.1015,455.59424
01-Nov-2008,2008,11,-0.09628921,0.18666,0.38,1.009466658,678.14844,17.863001,-24.149876,462.67404,960.4024,455.29752
01-Dec-2008,2008,12,-0.29512511,0.85903,-0.05,0.487845452,677.68237,20.309546,-29.522648,462.7861,958.55322,455.21948
01-Jan-2009,2009,1,-0.00902375,-0.09395,0.01,0.459730001,676.16364,16.756191,-28.031738,463.13995,958.84149,455.3317
01-Feb-2009,2009,2,0,0,0.08,0.646931582,669.12311,16.493999,-24.562712,465.44159,958.78143,455.45285
01-Mar-2009,2009,3,-0.04759654,1.5276,-0.08,0.665145457,662.73846,17.837727,-26.575237,466.51373,958.3407,455.29858
01-Apr-2009,2009,4,0.01820311,0.75174,-0.16,0.581699996,674.33081,15.596667,-27.682699,463.496,958.27655,455.19934
01-May-2009,2009,5,0,0,-0.09,0.523824999,680.41431,12.544286,-31.103138,460.26901,958.45001,455.10876
01-Jun-2009,2009,6,0.04150755,-0.50384,0.05,0.589459085,683.08429,10.805909,-33.760757,459.08563,958.55902,455.34415
01-Jul-2009,2009,7,0,0,-0.16,0.508636364,683.87366,10.27,-34.268448,458.7598,958.37823,455.24457
01-Aug-2009,2009,8,-0.01536866,-0.25911,-0.08,0.524676192,691.73352,8.9714289,-35.541199,457.34708,958.89783,455.34177
01-Sep-2009,2009,9,-0.09413991,0.63447,-0.22,0.429628572,695.10889,8.4522724,-37.573898,456.96783,959.05396,455.38168
01-Oct-2009,2009,10,0,0,-0.16,0.413404761,697.30225,7.7704544,-39.310486,455.46274,960.28973,455.5773
01-Nov-2009,2009,11,-0.02142778,0.07677,-0.36,0.332563157,699.19611,7.5619049,-39.972271,454.95047,959.81079,455.69971
01-Dec-2009,2009,12,0.00084332,-0.09519,-0.3,0.403181818,701.24121,6.9363637,-37.91869,455.10355,959.28577,455.70331
01-Jan-2010,2010,1,0.02405494,0.0819,-0.33,0.386326315,702.40332,6.21,-35.564182,454.74332,960.01471,455.81909
01-Feb-2010,2010,2,0,0,-0.59,0.360957895,699.30389,6.7319999,-31.371456,455.92197,960.1073,455.86182
01-Mar-2010,2010,3,-0.03626412,0.18716,-0.64,0.429386959,704.91644,6.1217389,-30.51269,454.5777,960.74078,456.05643
01-Apr-2010,2010,4,-0.0135555,0.20239,-0.47,0.484304546,708.77942,5.5938096,-29.305843,453.64963,961.25293,456.26355
01-May-2010,2010,5,0,0,-0.81,0.424150001,702.49939,6.5009522,-22.80962,455.93842,961.00586,456.40759
01-Jun-2010,2010,6,0.0061056,0.34373,-0.95,0.382890909,698.7558,7.016818,-19.949142,455.9736,961.55127,456.45294
01-Jul-2010,2010,7,0,0,-1.26,0.337023812,698.42212,6.7872729,-24.438566,455.02414,962.15045,456.53687
01-Aug-2010,2010,8,-0.02265853,0.69335,-1.67,0.30287727,699.10919,6.755909,-25.405279,454.13287,961.69476,456.6687
01-Sep-2010,2010,9,-0.00590017,0.62964,-1.68,0.296080948,702.27777,6.4213638,-26.723234,453.30569,962.11304,456.79245
01-Oct-2010,2010,10,0,0,-2.08,0.249085,706.60474,6.0119047,-32.911861,451.21591,962.49475,457.06198
01-Nov-2010,2010,11,-0.00204684,-0.48747,-2.31,0.283939999,708.90741,5.8727274,-31.168982,451.17523,962.14783,457.22931
01-Dec-2010,2010,12,-0.00235715,0.00883,-1.76,0.326872725,712.4021,5.5513043,-27.912958,451.33752,962.66492,457.38641
01-Jan-2011,2011,1,-0.01206362,-0.05857,-1.5,0.301104999,715.66327,5.1242857,-28.94626,450.16586,961.53253,457.57425
01-Feb-2011,2011,2,0,0,-1.22,0.332978948,718.61938,4.6574998,-31.104633,449.67184,961.77069,457.73782
01-Mar-2011,2011,3,0.00695534,0.28501,-1.33,0.291539133,717.34656,4.8365216,-33.636719,449.02649,963.08734,457.97482
01-Apr-2011,2011,4,-0.02456938,0.51845136,-1.12,0.285395002,719.3996,4.6574998,-36.745132,447.53558,963.20801,458.22241
01-May-2011,2011,5,0,0,-1.48,0.213971429,719.91205,4.8468184,-36.091667,447.36978,962.86761,458.46429
01-Jun-2011,2011,6,1.318e-05,-0.39945541,-1.96,0.206800001,716.02191,5.4900002,-36.378365,447.47806,962.38177,458.56717
01-Jul-2011,2011,7,0,0,-2.13,0.21525,718.92261,5.427619,-35.511543,446.41525,962.68219,458.86316
01-Aug-2011,2011,8,-0.02808852,-0.89025,-3.18,0.146791305,707.70819,6.9904346,-36.06657,447.31268,963.1452,459.10809
01-Sep-2011,2011,9,0.05447601,-0.26924,-3.73,0.138004761,706.78394,7.6754546,-31.974121,450.14252,962.36676,459.20303
01-Oct-2011,2011,10,0,0,-3.24,0.168095001,709.52911,7.9085712,-31.50923,451.47772,963.97632,459.12015
01-Nov-2011,2011,11,0.00687203,0.3855023,-3.08,0.15424,711.14783,7.6063638,-30.415195,452.10654,963.78503,459.22366
01-Dec-2011,2011,12,0.00833881,-0.75199,-2.96,0.156428572,712.54376,7.5304761,-27.593664,452.63083,963.79175,459.29327
01-Jan-2012,2012,1,-0.01957941,0.5552879,-2.93,0.146955001,717.04877,6.835238,-25.495279,451.55768,964.14185,459.61389
01-Feb-2012,2012,2,0,0,-3.02,0.198475,720.9657,6.2442856,-27.941038,449.77106,965.57745,459.84909
01-Mar-2012,2012,3,0.00961715,-0.05568,-2.75,0.230554545,723.64001,5.9618182,-27.768467,450.44971,964.25372,460.04028
01-Apr-2012,2012,4,-0.00355988,0.03413981,-2.74,0.223104763,723.44202,6.1335001,-27.471287,450.78287,964.91644,460.19406
01-May-2012,2012,5,0,0,-3.13,0.2265,720.11053,6.3134785,-24.584137,452.46667,965.22565,460.20874
01-Jun-2012,2012,6,0.0225596,-0.43202903,-3.26,0.235361904,718.78741,6.7871428,-22.521875,453.77856,965.06769,460.28696
01-Jul-2012,2012,7,0,0,-3.31,0.215947617,721.50116,6.355,-20.601181,452.68521,965.50446,460.44586
01-Aug-2012,2012,8,0.01523028,-0.01087,-3.17,0.213465218,724.66425,5.9230433,-21.506769,451.78366,964.93427,460.7576
01-Sep-2012,2012,9,0.01221492,1.01242172,-3.3,0.20668421,727.46924,5.605,-25.112087,450.60187,965.19794,461.01953
01-Oct-2012,2012,10,-0.00256258,-0.05795,-3.59,0.222542859,727.08063,5.4877272,-26.036272,450.42001,964.78271,461.23822
01-Nov-2012,2012,11,0,0,-3.76,0.218399997,724.01733,5.7090907,-24.899418,451.13834,965.22632,461.23691
01-Dec-2012,2012,12,-0.00499873,-0.19638299,-3.86,0.202095,725.99878,5.3365002,-27.147078,450.80243,965.85474,461.27914
01-Jan-2013,2013,1,0.00144206,-0.0604,-3.71,0.184833333,730.00037,4.9181819,-28.421143,451.02939,966.61639,461.45291
01-Feb-2013,2013,2,0,0,-3.56,0.187610527,732.13727,4.993,-28.953901,452.05319,965.65314,461.75061
01-Mar-2013,2013,3,0.00449493,0.30540736,-3.7,0.18302,734.65131,4.8015003,-25.954004,452.5527,966.0545,461.74539
01-Apr-2013,2013,4,0,0,-4,0.166363637,735.92273,4.764091,-26.433622,452.18448,966.13226,461.78864
01-May-2013,2013,5,-0.00228563,0.14757,-3.96,0.154368182,740.22632,4.3782606,-26.09516,452.77869,965.98816,461.90924
01-Jun-2013,2013,6,0.01521265,-1.07903148,-3.13,0.170729999,738.93365,5.0504999,-27.673717,454.08563,966.67773,462.11499
01-Jul-2013,2013,7,0.00355988,0.46186,-2.35,0.150195454,741.96503,4.8169565,-26.845003,454.69604,966.73499,462.25021
01-Aug-2013,2013,8,0,0,-2.34,0.148218182,742.05096,4.7509522,-28.588503,454.83954,967.16388,462.43054
01-Sep-2013,2013,9,-0.03541171,1.24731209,-2.07,0.146945,743.07227,4.6428571,-28.87182,454.67313,967.13385,462.57077
01-Oct-2013,2013,10,0.00235715,-0.33014,-2.57,0.15889091,744.98798,4.554348,-31.002663,453.80746,967.55591,462.81656
01-Nov-2013,2013,11,0,0,-2.83,0.14956316,748.63092,4.3238096,-29.956768,454.72009,968.09259,463.00815
01-Dec-2013,2013,12,-0.00178858,1.83957732,-2.79,0.159614285,749.97711,4.0871429,-31.505722,455.21603,967.82782,463.18155
01-Jan-2014,2014,1,-0.00112052,-0.45282,-2.4,0.144890475,750.77966,3.9677272,-30.823122,456.29996,967.21924,463.30142
01-Feb-2014,2014,2,0,0,-2.46,0.131836843,750.4765,4.0304999,-31.175472,456.58792,967.63574,463.37088
01-Mar-2014,2014,3,0.05911789,-0.43199769,-2.21,0.135514286,753.02063,3.8076191,-32.370281,456.59695,967.66846,463.56406
01-Apr-2014,2014,4,0.00123663,0.02448,-1.67,0.10657619,753.05627,3.7052381,-32.298374,456.0101,968.40924,463.78278
01-May-2014,2014,5,0,0,-1.49,0.094814286,754.41754,3.7536364,-31.712114,455.46423,968.922,463.98242
01-Jun-2014,2014,6,-0.00975321,0.85450853,-1.31,0.124747619,757.40686,3.4719048,-30.692024,455.44315,969.22229,464.1405
01-Jul-2014,2014,7,-0.00703755,0.40578,-1.07,0.129668183,758.73431,3.6530435,-30.298178,455.04041,969.87195,464.31833
01-Aug-2014,2014,8,0,0,-0.86,0.127604762,758.13531,3.9780953,-28.636919,455.95337,970.41718,464.39017
01-Sep-2014,2014,9,0.01879459,0.16831578,-0.57,0.140038094,759.74915,4.0599999,-25.469255,457.13431,969.8891,464.48453
01-Oct-2014,2014,10,0.02663439,-0.35665,-0.68,0.125936364,756.87933,4.514348,-23.685165,458.48828,970.61011,464.54584
01-Nov-2014,2014,11,0,0,-0.58,0.163233334,762.29083,4.447,-22.091156,460.20422,970.64111,464.57492
01-Dec-2014,2014,12,-0.01291131,1.00629601,-0.37,0.261972727,762.75464,5.0759091,-20.95195,462.82956,970.44702,464.55109
01-Jan-2015,2015,1,-0.00613948,-0.19384,-0.28,0.222470001,761.48376,5.296,-15.00382,464.1655,971.07928,464.32809
01-Feb-2015,2015,2,0,0,-0.07,0.251242107,764.10852,4.724,-12.658936,465.3085,971.89673,464.50974
01-Mar-2015,2015,3,-0.09805463,1.78330438,-0.01,0.303754545,764.02692,4.6645455,-8.0273142,466.70975,971.13165,464.73862
01-Apr-2015,2015,4,-0.00325522,0.09926,-0.15,0.267577273,764.72156,4.6266665,-7.4940352,465.62128,972.03375,464.86047
01-May-2015,2015,5,0,0,-0.07,0.288450001,765.534,4.506,-10.871885,465.25998,971.97974,465.09903
01-Jun-2015,2015,6,-0.06631332,0.42273542,-0.05,0.335072725,764.9317,4.6599998,-11.447179,466.26755,972.41833,465.29764
01-Jul-2015,2015,7,-0.00982258,0.16123,-0.18,0.328122726,764.68384,5.1060867,-9.4897928,467.96887,972.35962,465.42438
01-Aug-2015,2015,8,0,0,-0.13,0.406519047,761.99908,5.6580954,-10.774023,470.39307,972.2666,465.47672
01-Sep-2015,2015,9,-0.10196842,-0.37221873,-0.19,0.421585715,757.25983,5.8681817,-11.519821,471.5564,972.73804,465.42371
01-Oct-2015,2015,10,0.04351798,-0.70941,-0.42,0.36572857,761.30078,6.2109089,-11.637166,470.46747,972.54071,465.45807
01-Nov-2015,2015,11,0,0,-0.05,0.58863158,764.03662,6.1361904,-7.0946569,471.4476,972.21124,465.48184
01-Dec-2015,2015,12,0.02681202,1.03930962,0.15,0.748145453,762.75122,6.8709092,-8.4030476,472.97333,972.51538,465.38617
01-Jan-2016,2016,1,-0.02809238,-0.3674,0.12,0.705857892,755.90765,7.618,-8.2458019,475.70224,972.4834,465.31805
01-Feb-2016,2016,2,0,0,-0.2,0.606415004,755.17529,8.2257147,-10.365461,475.04315,972.48816,465.26318
01-Mar-2016,2016,3,-0.13505633,0.85888017,0.11,0.679154542,761.17273,6.983182,-10.422594,472.50912,973.56171,465.44199
01-Apr-2016,2016,4,0.00956774,0.23738,0.14,0.578628566,763.79321,6.6390476,-12.566995,470.87314,973.22522,465.81387
01-May-2016,2016,5,0,0,0.2,0.626842854,763.31146,6.2609091,-12.313301,472.08282,973.14911,466.03433
01-Jun-2016,2016,6,-0.05110253,-0.498161,0.17,0.600245451,764.18976,6.1040912,-11.585756,472.3512,973.4256,466.20837
01-Jul-2016,2016,7,0.00086568,0.17277,0.05,0.568859991,767.26251,5.6471429,-10.150883,472.95001,973.27698,466.26181
01-Aug-2016,2016,8,0,0,0.27,0.612286956,768.59174,5.3000002,-11.435212,472.15265,973.80841,466.38641
01-Sep-2016,2016,9,-0.03424573,0.8909448,0.36,0.660919048,767.67542,5.1454544,-11.440081,473.12311,974.30646,466.50626
01-Oct-2016,2016,10,0,0,0.4,0.693444997,766.99573,4.7366667,-9.7624273,473.97879,973.784,466.73447
01-Nov-2016,2016,11,0.0018223,0.08383,0.52,0.776765001,768,4.889091,-7.6696157,476.38754,974.47406,466.83109
01-Dec-2016,2016,12,0.05582353,-0.61393984,0.62,0.900028572,771.71259,4.2857141,-5.2798734,477.7226,974.65051,467.02069
01-Jan-2017,2017,1,0,0,0.62,0.871295002,772.97754,4.0114288,-5.9579172,477.8186,974.39801,467.27646
01-Feb-2017,2017,2,-0.02461152,0.18312,0.67,0.8812,775.34906,3.8529999,-6.2258887,476.05658,974.73468,467.37375
01-Mar-2017,2017,3,-0.06118422,0.45609872,0.86,1.05669565,776.92847,3.8982608,-6.6174765,475.62286,975.38885,467.36124
01-Apr-2017,2017,4,0,0,0.88,1.069410519,776.6098,3.9163158,-6.9721546,474.72906,974.64893,467.56351
01-May-2017,2017,5,0.01443671,0.02895,0.98,1.152222731,778.12659,3.7434783,-10.044558,474.86649,975.54517,467.64209
01-Jun-2017,2017,6,0.02345072,-0.17504787,1.03,1.224349997,779.72809,3.7509091,-11.59326,473.64777,975.98981,467.79343
01-Jul-2017,2017,7,-0.01457679,0.02219,1.1,1.241839993,780.54785,3.6919048,-14.066363,472.44281,975.96027,467.92929
01-Aug-2017,2017,8,0,0,1.04,1.228313037,780.63544,3.8339131,-16.606396,471.66174,976.20953,468.16418
01-Sep-2017,2017,9,0.05124817,-0.00103897,1.1,1.272719991,782.11536,3.7266667,-17.51545,470.68848,976.35443,468.47031
01-Oct-2017,2017,10,0,0,1.25,1.394509531,784.65759,3.4922729,-16.175144,472.64398,976.38165,468.68753
01-Nov-2017,2017,11,-0.00089308,0.08574,1.33,1.547842866,786.07782,3.6818182,-16.02021,472.90872,977.2934,468.88303
01-Dec-2017,2017,12,-0.01884633,0.01339082,1.46,1.696764994,788.76837,3.6005001,-16.856474,472.78961,977.47314,469.04141
01-Jan-2018,2018,1,0.00621328,-0.08058,1.62,1.83278572,793.35742,3.3495455,-19.872137,470.67529,977.62189,469.24286
01-Feb-2018,2018,2,0,0,1.72,1.98249997,790.27051,3.5420001,-21.087114,470.10419,977.62543,469.45172
01-Mar-2018,2018,3,-0.02653441,-0.16227609,1.8,2.080433312,790.18103,3.6347618,-20.994057,470.51523,977.51404,469.68759
01-Apr-2018,2018,4,0,0,1.92,2.169609524,788.36121,3.4733334,-20.505659,470.32904,977.99048,470.03622
01-May-2018,2018,5,-0.00922918,0.14705,2.05,2.281468153,790.14905,3.4686956,-16.649372,472.9726,978.74603,470.34149
01-Jun-2018,2018,6,0.00606167,-0.3024205,2.07,2.335671414,792.08936,3.4395239,-15.511946,474.66263,978.42267,470.52826
01-Jul-2018,2018,7,0,0,2.17,2.39549999,793.50293,3.5899999,-15.577504,474.92007,979.16205,470.65097
01-Aug-2018,2018,8,-0.00276033,0.02846,2.23,2.443417383,795.77673,3.4526088,-14.396169,475.46844,979.11414,470.72125
01-Sep-2018,2018,9,-0.00241017,-0.49159557,2.36,2.562999976,797.29669,3.3445001,-15.344752,475.99655,979.05493,470.85739
01-Oct-2018,2018,10,0,0,2.45,2.665981824,793.1651,3.5191305,-13.834886,476.42334,979.59937,471.082
01-Nov-2018,2018,11,0.00817716,0.07201,2.45,2.714164996,790.94189,4.0172729,-12.810419,477.62076,979.28986,471.19412
01-Dec-2018,2018,12,0.02941175,-2.12084943,2.36,2.654089463,784.97198,4.7635002,-12.96349,477.67343,979.04266,471.27277
01-Jan-2019,2019,1,-0.04924939,0.82688729,2.33,2.565147604,786.58398,4.5722728,-13.245531,475.80463,980.37183,471.2406
01-Feb-2019,2019,2,0,0,2.32,2.520421053,792.10535,4.1280003,-12.672185,475.64346,979.86475,471.34384
01-Mar-2019,2019,3,-0.02905677,0.20830787,2.26,2.472719034,793.87506,4.0085716,-12.242757,475.89679,979.69012,471.55112
01-Apr-2019,2019,4,0,0,2.25,2.400276161,797.37415,3.7833333,-11.672611,475.88937,980.41931,471.84872
01-May-2019,2019,5,0.0284465,-0.58074035,2.15,2.326781836,795.65759,4.0639129,-11.194865,476.9577,980.4765,472.01129
01-Jun-2019,2019,6,-0.14881864,0.53653732,1.84,2.003764981,796.89069,4.2214999,-12.161784,476.64276,980.4588,472.19241
